sprinzl	seq_pos	id
1	1	MT-TA
2	2	MT-TA
3	3	MT-TA
4	4	MT-TA
5	5	MT-TA
6	6	MT-TA
7	7	MT-TA
8	8	MT-TA
9	9	MT-TA
10	10	MT-TA
11	11	MT-TA
12	12	MT-TA
13	13	MT-TA
14	14	MT-TA
15	15	MT-TA
18	16	MT-TA
19	17	MT-TA
21	18	MT-TA
22	19	MT-TA
23	20	MT-TA
24	21	MT-TA
25	22	MT-TA
26	23	MT-TA
27	24	MT-TA
28	25	MT-TA
29	26	MT-TA
30	27	MT-TA
31	28	MT-TA
32	29	MT-TA
33	30	MT-TA
34	31	MT-TA
35	32	MT-TA
36	33	MT-TA
37	34	MT-TA
38	35	MT-TA
39	36	MT-TA
40	37	MT-TA
41	38	MT-TA
42	39	MT-TA
43	40	MT-TA
44	41	MT-TA
45	42	MT-TA
46	43	MT-TA
48	44	MT-TA
49	45	MT-TA
50	46	MT-TA
51	47	MT-TA
52	48	MT-TA
53	49	MT-TA
54	50	MT-TA
55	51	MT-TA
56	52	MT-TA
57	53	MT-TA
58	54	MT-TA
59	55	MT-TA
60	56	MT-TA
61	57	MT-TA
62	58	MT-TA
63	59	MT-TA
64	60	MT-TA
65	61	MT-TA
66	62	MT-TA
67	63	MT-TA
68	64	MT-TA
69	65	MT-TA
70	66	MT-TA
71	67	MT-TA
72	68	MT-TA
73	69	MT-TA
74	70	MT-TA
75	71	MT-TA
76	72	MT-TA
1	1	MT-TC
2	2	MT-TC
3	3	MT-TC
4	4	MT-TC
5	5	MT-TC
6	6	MT-TC
7	7	MT-TC
8	8	MT-TC
9	9	MT-TC
10	10	MT-TC
11	11	MT-TC
12	12	MT-TC
13	13	MT-TC
14	14	MT-TC
15	15	MT-TC
21	16	MT-TC
22	17	MT-TC
23	18	MT-TC
24	19	MT-TC
25	20	MT-TC
26	21	MT-TC
27	22	MT-TC
28	23	MT-TC
29	24	MT-TC
30	25	MT-TC
31	26	MT-TC
32	27	MT-TC
33	28	MT-TC
34	29	MT-TC
35	30	MT-TC
36	31	MT-TC
37	32	MT-TC
38	33	MT-TC
39	34	MT-TC
40	35	MT-TC
41	36	MT-TC
42	37	MT-TC
43	38	MT-TC
44	39	MT-TC
45	40	MT-TC
46	41	MT-TC
48	42	MT-TC
49	43	MT-TC
50	44	MT-TC
51	45	MT-TC
52	46	MT-TC
53	47	MT-TC
54	48	MT-TC
55	49	MT-TC
56	50	MT-TC
57	51	MT-TC
58	52	MT-TC
59	53	MT-TC
61	54	MT-TC
62	55	MT-TC
63	56	MT-TC
64	57	MT-TC
65	58	MT-TC
66	59	MT-TC
67	60	MT-TC
68	61	MT-TC
69	62	MT-TC
70	63	MT-TC
71	64	MT-TC
72	65	MT-TC
73	66	MT-TC
74	67	MT-TC
75	68	MT-TC
76	69	MT-TC
1	1	MT-TD
2	2	MT-TD
3	3	MT-TD
4	4	MT-TD
5	5	MT-TD
6	6	MT-TD
7	7	MT-TD
8	8	MT-TD
9	9	MT-TD
10	10	MT-TD
11	11	MT-TD
12	12	MT-TD
13	13	MT-TD
14	14	MT-TD
15	15	MT-TD
18	16	MT-TD
19	17	MT-TD
21	18	MT-TD
22	19	MT-TD
23	20	MT-TD
24	21	MT-TD
25	22	MT-TD
26	23	MT-TD
27	24	MT-TD
28	25	MT-TD
29	26	MT-TD
30	27	MT-TD
31	28	MT-TD
32	29	MT-TD
33	30	MT-TD
34	31	MT-TD
35	32	MT-TD
36	33	MT-TD
37	34	MT-TD
38	35	MT-TD
39	36	MT-TD
40	37	MT-TD
41	38	MT-TD
42	39	MT-TD
43	40	MT-TD
44	41	MT-TD
45	42	MT-TD
46	43	MT-TD
48	44	MT-TD
49	45	MT-TD
50	46	MT-TD
51	47	MT-TD
52	48	MT-TD
53	49	MT-TD
54	50	MT-TD
55	51	MT-TD
56	52	MT-TD
57	53	MT-TD
58	54	MT-TD
59	55	MT-TD
61	56	MT-TD
62	57	MT-TD
63	58	MT-TD
64	59	MT-TD
65	60	MT-TD
66	61	MT-TD
67	62	MT-TD
68	63	MT-TD
69	64	MT-TD
70	65	MT-TD
71	66	MT-TD
72	67	MT-TD
73	68	MT-TD
74	69	MT-TD
75	70	MT-TD
76	71	MT-TD
1	1	MT-TE
2	2	MT-TE
3	3	MT-TE
4	4	MT-TE
5	5	MT-TE
6	6	MT-TE
7	7	MT-TE
8	8	MT-TE
9	9	MT-TE
10	10	MT-TE
11	11	MT-TE
12	12	MT-TE
13	13	MT-TE
14	14	MT-TE
15	15	MT-TE
18	16	MT-TE
19	17	MT-TE
21	18	MT-TE
22	19	MT-TE
23	20	MT-TE
24	21	MT-TE
25	22	MT-TE
26	23	MT-TE
27	24	MT-TE
28	25	MT-TE
29	26	MT-TE
30	27	MT-TE
31	28	MT-TE
32	29	MT-TE
33	30	MT-TE
34	31	MT-TE
35	32	MT-TE
36	33	MT-TE
37	34	MT-TE
38	35	MT-TE
39	36	MT-TE
40	37	MT-TE
41	38	MT-TE
42	39	MT-TE
43	40	MT-TE
44	41	MT-TE
45	42	MT-TE
46	43	MT-TE
48	44	MT-TE
49	45	MT-TE
50	46	MT-TE
51	47	MT-TE
52	48	MT-TE
53	49	MT-TE
54	50	MT-TE
55	51	MT-TE
56	52	MT-TE
57	53	MT-TE
58	54	MT-TE
59	55	MT-TE
60	56	MT-TE
61	57	MT-TE
62	58	MT-TE
63	59	MT-TE
64	60	MT-TE
65	61	MT-TE
66	62	MT-TE
67	63	MT-TE
68	64	MT-TE
69	65	MT-TE
70	66	MT-TE
71	67	MT-TE
72	68	MT-TE
73	69	MT-TE
74	70	MT-TE
75	71	MT-TE
76	72	MT-TE
1	1	MT-TF
2	2	MT-TF
3	3	MT-TF
4	4	MT-TF
5	5	MT-TF
6	6	MT-TF
7	7	MT-TF
8	8	MT-TF
9	9	MT-TF
10	10	MT-TF
11	11	MT-TF
12	12	MT-TF
13	13	MT-TF
14	14	MT-TF
15	15	MT-TF
16	16	MT-TF
17	17	MT-TF
17A	18	MT-TF
18	19	MT-TF
19	20	MT-TF
20	21	MT-TF
21	22	MT-TF
22	23	MT-TF
23	24	MT-TF
24	25	MT-TF
25	26	MT-TF
26	27	MT-TF
27	28	MT-TF
28	29	MT-TF
29	30	MT-TF
30	31	MT-TF
31	32	MT-TF
32	33	MT-TF
33	34	MT-TF
34	35	MT-TF
35	36	MT-TF
36	37	MT-TF
37	38	MT-TF
38	39	MT-TF
39	40	MT-TF
40	41	MT-TF
41	42	MT-TF
42	43	MT-TF
43	44	MT-TF
44	45	MT-TF
45	46	MT-TF
46	47	MT-TF
48	48	MT-TF
49	49	MT-TF
50	50	MT-TF
51	51	MT-TF
52	52	MT-TF
54	53	MT-TF
55	54	MT-TF
56	55	MT-TF
57	56	MT-TF
58	57	MT-TF
59	58	MT-TF
60	59	MT-TF
62	60	MT-TF
63	61	MT-TF
64	62	MT-TF
65	63	MT-TF
66	64	MT-TF
67	65	MT-TF
68	66	MT-TF
69	67	MT-TF
70	68	MT-TF
71	69	MT-TF
72	70	MT-TF
73	71	MT-TF
74	72	MT-TF
75	73	MT-TF
76	74	MT-TF
1	1	MT-TG
2	2	MT-TG
3	3	MT-TG
4	4	MT-TG
5	5	MT-TG
6	6	MT-TG
7	7	MT-TG
8	8	MT-TG
9	9	MT-TG
10	10	MT-TG
11	11	MT-TG
12	12	MT-TG
13	13	MT-TG
14	14	MT-TG
15	15	MT-TG
18	16	MT-TG
19	17	MT-TG
21	18	MT-TG
22	19	MT-TG
23	20	MT-TG
24	21	MT-TG
25	22	MT-TG
26	23	MT-TG
27	24	MT-TG
28	25	MT-TG
29	26	MT-TG
30	27	MT-TG
31	28	MT-TG
32	29	MT-TG
33	30	MT-TG
34	31	MT-TG
35	32	MT-TG
36	33	MT-TG
37	34	MT-TG
38	35	MT-TG
39	36	MT-TG
40	37	MT-TG
41	38	MT-TG
42	39	MT-TG
43	40	MT-TG
44	41	MT-TG
45	42	MT-TG
46	43	MT-TG
48	44	MT-TG
49	45	MT-TG
50	46	MT-TG
51	47	MT-TG
52	48	MT-TG
53	49	MT-TG
54	50	MT-TG
55	51	MT-TG
56	52	MT-TG
57	53	MT-TG
58	54	MT-TG
59	55	MT-TG
61	56	MT-TG
62	57	MT-TG
63	58	MT-TG
64	59	MT-TG
65	60	MT-TG
66	61	MT-TG
67	62	MT-TG
68	63	MT-TG
69	64	MT-TG
70	65	MT-TG
71	66	MT-TG
72	67	MT-TG
73	68	MT-TG
74	69	MT-TG
75	70	MT-TG
76	71	MT-TG
-1	1	MT-TH
1	2	MT-TH
2	3	MT-TH
3	4	MT-TH
4	5	MT-TH
5	6	MT-TH
6	7	MT-TH
7	8	MT-TH
8	9	MT-TH
9	10	MT-TH
10	11	MT-TH
11	12	MT-TH
12	13	MT-TH
13	14	MT-TH
14	15	MT-TH
15	16	MT-TH
18	17	MT-TH
19	18	MT-TH
21	19	MT-TH
22	20	MT-TH
23	21	MT-TH
24	22	MT-TH
25	23	MT-TH
26	24	MT-TH
27	25	MT-TH
28	26	MT-TH
29	27	MT-TH
30	28	MT-TH
31	29	MT-TH
32	30	MT-TH
33	31	MT-TH
34	32	MT-TH
35	33	MT-TH
36	34	MT-TH
37	35	MT-TH
38	36	MT-TH
39	37	MT-TH
40	38	MT-TH
41	39	MT-TH
42	40	MT-TH
43	41	MT-TH
44	42	MT-TH
45	43	MT-TH
46	44	MT-TH
48	45	MT-TH
49	46	MT-TH
50	47	MT-TH
51	48	MT-TH
52	49	MT-TH
53	50	MT-TH
54	51	MT-TH
55	52	MT-TH
56	53	MT-TH
57	54	MT-TH
58	55	MT-TH
59	56	MT-TH
60	57	MT-TH
61	58	MT-TH
62	59	MT-TH
63	60	MT-TH
64	61	MT-TH
65	62	MT-TH
66	63	MT-TH
67	64	MT-TH
68	65	MT-TH
69	66	MT-TH
70	67	MT-TH
71	68	MT-TH
72	69	MT-TH
73	70	MT-TH
74	71	MT-TH
75	72	MT-TH
76	73	MT-TH
1	1	MT-TI
2	2	MT-TI
3	3	MT-TI
4	4	MT-TI
5	5	MT-TI
6	6	MT-TI
7	7	MT-TI
8	8	MT-TI
9	9	MT-TI
10	10	MT-TI
11	11	MT-TI
12	12	MT-TI
13	13	MT-TI
14	14	MT-TI
15	15	MT-TI
16	16	MT-TI
21	17	MT-TI
22	18	MT-TI
23	19	MT-TI
24	20	MT-TI
25	21	MT-TI
26	22	MT-TI
27	23	MT-TI
28	24	MT-TI
29	25	MT-TI
30	26	MT-TI
31	27	MT-TI
32	28	MT-TI
33	29	MT-TI
34	30	MT-TI
35	31	MT-TI
36	32	MT-TI
37	33	MT-TI
38	34	MT-TI
39	35	MT-TI
40	36	MT-TI
41	37	MT-TI
42	38	MT-TI
43	39	MT-TI
44	40	MT-TI
45	41	MT-TI
46	42	MT-TI
47	43	MT-TI
48	44	MT-TI
49	45	MT-TI
50	46	MT-TI
51	47	MT-TI
52	48	MT-TI
53	49	MT-TI
54	50	MT-TI
55	51	MT-TI
56	52	MT-TI
57	53	MT-TI
58	54	MT-TI
59	55	MT-TI
60	56	MT-TI
61	57	MT-TI
62	58	MT-TI
63	59	MT-TI
64	60	MT-TI
65	61	MT-TI
66	62	MT-TI
67	63	MT-TI
68	64	MT-TI
69	65	MT-TI
70	66	MT-TI
71	67	MT-TI
72	68	MT-TI
73	69	MT-TI
74	70	MT-TI
75	71	MT-TI
76	72	MT-TI
1	1	MT-TK
2	2	MT-TK
3	3	MT-TK
4	4	MT-TK
5	5	MT-TK
6	6	MT-TK
7	7	MT-TK
8	8	MT-TK
9	9	MT-TK
10	10	MT-TK
11	11	MT-TK
12	12	MT-TK
13	13	MT-TK
14	14	MT-TK
15	15	MT-TK
21	16	MT-TK
22	17	MT-TK
23	18	MT-TK
24	19	MT-TK
25	20	MT-TK
26	21	MT-TK
27	22	MT-TK
28	23	MT-TK
29	24	MT-TK
30	25	MT-TK
31	26	MT-TK
32	27	MT-TK
33	28	MT-TK
34	29	MT-TK
35	30	MT-TK
36	31	MT-TK
37	32	MT-TK
38	33	MT-TK
39	34	MT-TK
40	35	MT-TK
41	36	MT-TK
42	37	MT-TK
43	38	MT-TK
44	39	MT-TK
45	40	MT-TK
46	41	MT-TK
47	42	MT-TK
48	43	MT-TK
49	44	MT-TK
50	45	MT-TK
51	46	MT-TK
52	47	MT-TK
53	48	MT-TK
53a	49	MT-TK
54	50	MT-TK
55	51	MT-TK
56	52	MT-TK
57	53	MT-TK
58	54	MT-TK
59	55	MT-TK
60	56	MT-TK
60a	57	MT-TK
61	58	MT-TK
62	59	MT-TK
63	60	MT-TK
64	61	MT-TK
65	62	MT-TK
66	63	MT-TK
67	64	MT-TK
68	65	MT-TK
69	66	MT-TK
70	67	MT-TK
71	68	MT-TK
72	69	MT-TK
73	70	MT-TK
74	71	MT-TK
75	72	MT-TK
76	73	MT-TK
1	1	MT-TL1
2	2	MT-TL1
3	3	MT-TL1
4	4	MT-TL1
5	5	MT-TL1
6	6	MT-TL1
7	7	MT-TL1
8	8	MT-TL1
9	9	MT-TL1
10	10	MT-TL1
11	11	MT-TL1
12	12	MT-TL1
13	13	MT-TL1
14	14	MT-TL1
15	15	MT-TL1
16	16	MT-TL1
17	17	MT-TL1
17A	18	MT-TL1
18	19	MT-TL1
19	20	MT-TL1
20	21	MT-TL1
20A	22	MT-TL1
21	23	MT-TL1
22	24	MT-TL1
23	25	MT-TL1
24	26	MT-TL1
25	27	MT-TL1
26	28	MT-TL1
27	29	MT-TL1
28	30	MT-TL1
29	31	MT-TL1
30	32	MT-TL1
31	33	MT-TL1
32	34	MT-TL1
33	35	MT-TL1
34	36	MT-TL1
35	37	MT-TL1
36	38	MT-TL1
37	39	MT-TL1
38	40	MT-TL1
39	41	MT-TL1
40	42	MT-TL1
41	43	MT-TL1
42	44	MT-TL1
43	45	MT-TL1
44	46	MT-TL1
45	47	MT-TL1
46	48	MT-TL1
47	49	MT-TL1
48	50	MT-TL1
49	51	MT-TL1
50	52	MT-TL1
51	53	MT-TL1
52	54	MT-TL1
53	55	MT-TL1
54	56	MT-TL1
55	57	MT-TL1
56	58	MT-TL1
57	59	MT-TL1
58	60	MT-TL1
59	61	MT-TL1
60	62	MT-TL1
61	63	MT-TL1
62	64	MT-TL1
63	65	MT-TL1
64	66	MT-TL1
65	67	MT-TL1
66	68	MT-TL1
67	69	MT-TL1
68	70	MT-TL1
69	71	MT-TL1
70	72	MT-TL1
71	73	MT-TL1
72	74	MT-TL1
73	75	MT-TL1
74	76	MT-TL1
75	77	MT-TL1
76	78	MT-TL1
1	1	MT-TL2
2	2	MT-TL2
3	3	MT-TL2
4	4	MT-TL2
5	5	MT-TL2
6	6	MT-TL2
7	7	MT-TL2
8	8	MT-TL2
9	9	MT-TL2
10	10	MT-TL2
11	11	MT-TL2
12	12	MT-TL2
13	13	MT-TL2
14	14	MT-TL2
15	15	MT-TL2
16	16	MT-TL2
18	17	MT-TL2
19	18	MT-TL2
20	19	MT-TL2
21	20	MT-TL2
22	21	MT-TL2
23	22	MT-TL2
24	23	MT-TL2
25	24	MT-TL2
26	25	MT-TL2
27	26	MT-TL2
28	27	MT-TL2
29	28	MT-TL2
30	29	MT-TL2
31	30	MT-TL2
32	31	MT-TL2
33	32	MT-TL2
34	33	MT-TL2
35	34	MT-TL2
36	35	MT-TL2
37	36	MT-TL2
38	37	MT-TL2
39	38	MT-TL2
40	39	MT-TL2
41	40	MT-TL2
42	41	MT-TL2
43	42	MT-TL2
44	43	MT-TL2
45	44	MT-TL2
46	45	MT-TL2
48	46	MT-TL2
49	47	MT-TL2
50	48	MT-TL2
51	49	MT-TL2
52	50	MT-TL2
53	51	MT-TL2
54	52	MT-TL2
55	53	MT-TL2
56	54	MT-TL2
57	55	MT-TL2
58	56	MT-TL2
59	57	MT-TL2
60	58	MT-TL2
61	59	MT-TL2
62	60	MT-TL2
63	61	MT-TL2
64	62	MT-TL2
65	63	MT-TL2
66	64	MT-TL2
67	65	MT-TL2
68	66	MT-TL2
69	67	MT-TL2
70	68	MT-TL2
71	69	MT-TL2
72	70	MT-TL2
73	71	MT-TL2
74	72	MT-TL2
75	73	MT-TL2
76	74	MT-TL2
1	1	MT-TM
2	2	MT-TM
3	3	MT-TM
4	4	MT-TM
5	5	MT-TM
6	6	MT-TM
7	7	MT-TM
8	8	MT-TM
9	9	MT-TM
10	10	MT-TM
11	11	MT-TM
12	12	MT-TM
13	13	MT-TM
14	14	MT-TM
15	15	MT-TM
16	16	MT-TM
17	17	MT-TM
21	18	MT-TM
22	19	MT-TM
23	20	MT-TM
24	21	MT-TM
25	22	MT-TM
26	23	MT-TM
27	24	MT-TM
28	25	MT-TM
29	26	MT-TM
30	27	MT-TM
31	28	MT-TM
32	29	MT-TM
33	30	MT-TM
34	31	MT-TM
35	32	MT-TM
36	33	MT-TM
37	34	MT-TM
38	35	MT-TM
39	36	MT-TM
40	37	MT-TM
41	38	MT-TM
42	39	MT-TM
43	40	MT-TM
44	41	MT-TM
45	42	MT-TM
46	43	MT-TM
48	44	MT-TM
49	45	MT-TM
50	46	MT-TM
51	47	MT-TM
52	48	MT-TM
53	49	MT-TM
54	50	MT-TM
55	51	MT-TM
56	52	MT-TM
57	53	MT-TM
58	54	MT-TM
59	55	MT-TM
61	56	MT-TM
62	57	MT-TM
63	58	MT-TM
64	59	MT-TM
65	60	MT-TM
66	61	MT-TM
67	62	MT-TM
68	63	MT-TM
69	64	MT-TM
70	65	MT-TM
71	66	MT-TM
72	67	MT-TM
73	68	MT-TM
74	69	MT-TM
75	70	MT-TM
76	71	MT-TM
1	1	MT-TN
2	2	MT-TN
3	3	MT-TN
4	4	MT-TN
5	5	MT-TN
6	6	MT-TN
7	7	MT-TN
8	8	MT-TN
9	9	MT-TN
10	10	MT-TN
11	11	MT-TN
12	12	MT-TN
13	13	MT-TN
14	14	MT-TN
15	15	MT-TN
16	16	MT-TN
18	17	MT-TN
19	18	MT-TN
20	19	MT-TN
20A	20	MT-TN
21	21	MT-TN
22	22	MT-TN
23	23	MT-TN
24	24	MT-TN
25	25	MT-TN
26	26	MT-TN
27	27	MT-TN
28	28	MT-TN
29	29	MT-TN
30	30	MT-TN
31	31	MT-TN
32	32	MT-TN
33	33	MT-TN
34	34	MT-TN
35	35	MT-TN
36	36	MT-TN
37	37	MT-TN
38	38	MT-TN
39	39	MT-TN
40	40	MT-TN
41	41	MT-TN
42	42	MT-TN
43	43	MT-TN
44	44	MT-TN
45	45	MT-TN
46	46	MT-TN
47	47	MT-TN
48	48	MT-TN
49	49	MT-TN
50	50	MT-TN
51	51	MT-TN
52	52	MT-TN
53	53	MT-TN
54	54	MT-TN
55	55	MT-TN
56	56	MT-TN
57	57	MT-TN
58	58	MT-TN
59	59	MT-TN
60	60	MT-TN
61	61	MT-TN
62	62	MT-TN
63	63	MT-TN
64	64	MT-TN
65	65	MT-TN
66	66	MT-TN
67	67	MT-TN
68	68	MT-TN
69	69	MT-TN
70	70	MT-TN
71	71	MT-TN
72	72	MT-TN
73	73	MT-TN
74	74	MT-TN
75	75	MT-TN
76	76	MT-TN
1	1	MT-TP
2	2	MT-TP
3	3	MT-TP
4	4	MT-TP
5	5	MT-TP
6	6	MT-TP
7	7	MT-TP
8	8	MT-TP
9	9	MT-TP
10	10	MT-TP
11	11	MT-TP
12	12	MT-TP
13	13	MT-TP
14	14	MT-TP
15	15	MT-TP
16	16	MT-TP
18	17	MT-TP
19	18	MT-TP
21	19	MT-TP
22	20	MT-TP
23	21	MT-TP
24	22	MT-TP
25	23	MT-TP
26	24	MT-TP
27	25	MT-TP
28	26	MT-TP
29	27	MT-TP
30	28	MT-TP
31	29	MT-TP
32	30	MT-TP
33	31	MT-TP
34	32	MT-TP
35	33	MT-TP
36	34	MT-TP
37	35	MT-TP
38	36	MT-TP
39	37	MT-TP
40	38	MT-TP
41	39	MT-TP
42	40	MT-TP
43	41	MT-TP
44	42	MT-TP
45	43	MT-TP
46	44	MT-TP
48	45	MT-TP
49	46	MT-TP
50	47	MT-TP
51	48	MT-TP
52	49	MT-TP
54	50	MT-TP
55	51	MT-TP
56	52	MT-TP
57	53	MT-TP
58	54	MT-TP
59	55	MT-TP
60	56	MT-TP
62	57	MT-TP
63	58	MT-TP
64	59	MT-TP
65	60	MT-TP
66	61	MT-TP
67	62	MT-TP
68	63	MT-TP
69	64	MT-TP
70	65	MT-TP
71	66	MT-TP
72	67	MT-TP
73	68	MT-TP
74	69	MT-TP
75	70	MT-TP
76	71	MT-TP
1	1	MT-TQ
2	2	MT-TQ
3	3	MT-TQ
4	4	MT-TQ
5	5	MT-TQ
6	6	MT-TQ
7	7	MT-TQ
8	8	MT-TQ
9	9	MT-TQ
10	10	MT-TQ
11	11	MT-TQ
12	12	MT-TQ
13	13	MT-TQ
14	14	MT-TQ
15	15	MT-TQ
16	16	MT-TQ
17	17	MT-TQ
18	18	MT-TQ
19	19	MT-TQ
20	20	MT-TQ
21	21	MT-TQ
22	22	MT-TQ
23	23	MT-TQ
24	24	MT-TQ
25	25	MT-TQ
26	26	MT-TQ
27	27	MT-TQ
28	28	MT-TQ
29	29	MT-TQ
30	30	MT-TQ
31	31	MT-TQ
32	32	MT-TQ
33	33	MT-TQ
34	34	MT-TQ
35	35	MT-TQ
36	36	MT-TQ
37	37	MT-TQ
38	38	MT-TQ
39	39	MT-TQ
40	40	MT-TQ
41	41	MT-TQ
42	42	MT-TQ
43	43	MT-TQ
44	44	MT-TQ
45	45	MT-TQ
46	46	MT-TQ
48	47	MT-TQ
49	48	MT-TQ
50	49	MT-TQ
51	50	MT-TQ
52	51	MT-TQ
53	52	MT-TQ
54	53	MT-TQ
55	54	MT-TQ
56	55	MT-TQ
57	56	MT-TQ
58	57	MT-TQ
59	58	MT-TQ
60	59	MT-TQ
61	60	MT-TQ
62	61	MT-TQ
63	62	MT-TQ
64	63	MT-TQ
65	64	MT-TQ
66	65	MT-TQ
67	66	MT-TQ
68	67	MT-TQ
69	68	MT-TQ
70	69	MT-TQ
71	70	MT-TQ
72	71	MT-TQ
73	72	MT-TQ
74	73	MT-TQ
75	74	MT-TQ
76	75	MT-TQ
1	1	MT-TR
2	2	MT-TR
3	3	MT-TR
4	4	MT-TR
5	5	MT-TR
6	6	MT-TR
7	7	MT-TR
8	8	MT-TR
9	9	MT-TR
10	10	MT-TR
11	11	MT-TR
12	12	MT-TR
13	13	MT-TR
14	14	MT-TR
15	15	MT-TR
16	16	MT-TR
17	17	MT-TR
21	18	MT-TR
22	19	MT-TR
23	20	MT-TR
24	21	MT-TR
25	22	MT-TR
26	23	MT-TR
27	24	MT-TR
28	25	MT-TR
29	26	MT-TR
30	27	MT-TR
31	28	MT-TR
32	29	MT-TR
33	30	MT-TR
34	31	MT-TR
35	32	MT-TR
36	33	MT-TR
37	34	MT-TR
38	35	MT-TR
39	36	MT-TR
40	37	MT-TR
41	38	MT-TR
42	39	MT-TR
43	40	MT-TR
44	41	MT-TR
45	42	MT-TR
46	43	MT-TR
48	44	MT-TR
49	45	MT-TR
50	46	MT-TR
51	47	MT-TR
52	48	MT-TR
53	49	MT-TR
56	50	MT-TR
57	51	MT-TR
58	52	MT-TR
61	53	MT-TR
62	54	MT-TR
63	55	MT-TR
64	56	MT-TR
65	57	MT-TR
66	58	MT-TR
67	59	MT-TR
68	60	MT-TR
69	61	MT-TR
70	62	MT-TR
71	63	MT-TR
72	64	MT-TR
73	65	MT-TR
74	66	MT-TR
75	67	MT-TR
76	68	MT-TR
1	1	MT-TS1
2	2	MT-TS1
3	3	MT-TS1
4	4	MT-TS1
5	5	MT-TS1
6	6	MT-TS1
7	7	MT-TS1
9	8	MT-TS1
10	9	MT-TS1
11	10	MT-TS1
12	11	MT-TS1
13	12	MT-TS1
14	13	MT-TS1
15	14	MT-TS1
18	15	MT-TS1
19	16	MT-TS1
20	17	MT-TS1
22	18	MT-TS1
23	19	MT-TS1
24	20	MT-TS1
25	21	MT-TS1
26	22	MT-TS1
27a	23	MT-TS1
27	24	MT-TS1
28	25	MT-TS1
29	26	MT-TS1
30	27	MT-TS1
31	28	MT-TS1
32	29	MT-TS1
33	30	MT-TS1
34	31	MT-TS1
35	32	MT-TS1
36	33	MT-TS1
37	34	MT-TS1
38	35	MT-TS1
39	36	MT-TS1
40	37	MT-TS1
41	38	MT-TS1
42	39	MT-TS1
43	40	MT-TS1
43a	41	MT-TS1
44	42	MT-TS1
45	43	MT-TS1
46	44	MT-TS1
49	45	MT-TS1
50	46	MT-TS1
51	47	MT-TS1
52	48	MT-TS1
53	49	MT-TS1
54	50	MT-TS1
55	51	MT-TS1
56	52	MT-TS1
57	53	MT-TS1
58	54	MT-TS1
59	55	MT-TS1
60	56	MT-TS1
61	57	MT-TS1
62	58	MT-TS1
63	59	MT-TS1
64	60	MT-TS1
65	61	MT-TS1
66	62	MT-TS1
67	63	MT-TS1
68	64	MT-TS1
69	65	MT-TS1
70	66	MT-TS1
71	67	MT-TS1
72	68	MT-TS1
73	69	MT-TS1
74	70	MT-TS1
75	71	MT-TS1
76	72	MT-TS1
1	1	MT-TS2
2	2	MT-TS2
3	3	MT-TS2
4	4	MT-TS2
5	5	MT-TS2
6	6	MT-TS2
7	7	MT-TS2
9	8	MT-TS2
23	9	MT-TS2
24	10	MT-TS2
25	11	MT-TS2
26	12	MT-TS2
27	13	MT-TS2
28	14	MT-TS2
29	15	MT-TS2
30	16	MT-TS2
31	17	MT-TS2
32	18	MT-TS2
33	19	MT-TS2
34	20	MT-TS2
35	21	MT-TS2
36	22	MT-TS2
37	23	MT-TS2
38	24	MT-TS2
39	25	MT-TS2
40	26	MT-TS2
41	27	MT-TS2
42	28	MT-TS2
43	29	MT-TS2
44	30	MT-TS2
45	31	MT-TS2
46	32	MT-TS2
48	33	MT-TS2
49	34	MT-TS2
50	35	MT-TS2
51	36	MT-TS2
52	37	MT-TS2
53	38	MT-TS2
54	39	MT-TS2
55	40	MT-TS2
56	41	MT-TS2
57	42	MT-TS2
58	43	MT-TS2
59	44	MT-TS2
60	45	MT-TS2
60a	46	MT-TS2
61	47	MT-TS2
62	48	MT-TS2
63	49	MT-TS2
64	50	MT-TS2
65	51	MT-TS2
66	52	MT-TS2
67	53	MT-TS2
68	54	MT-TS2
69	55	MT-TS2
70	56	MT-TS2
71	57	MT-TS2
72	58	MT-TS2
73	59	MT-TS2
74	60	MT-TS2
75	61	MT-TS2
76	62	MT-TS2
1	1	MT-TT
2	2	MT-TT
3	3	MT-TT
4	4	MT-TT
5	5	MT-TT
6	6	MT-TT
7	7	MT-TT
8	8	MT-TT
9	9	MT-TT
10	10	MT-TT
11	11	MT-TT
12	12	MT-TT
13	13	MT-TT
14	14	MT-TT
15	15	MT-TT
18	16	MT-TT
19	17	MT-TT
20	18	MT-TT
21	19	MT-TT
22	20	MT-TT
23	21	MT-TT
24	22	MT-TT
25	23	MT-TT
26	24	MT-TT
27	25	MT-TT
28	26	MT-TT
29	27	MT-TT
30	28	MT-TT
31	29	MT-TT
32	30	MT-TT
33	31	MT-TT
34	32	MT-TT
35	33	MT-TT
36	34	MT-TT
37	35	MT-TT
38	36	MT-TT
39	37	MT-TT
40	38	MT-TT
41	39	MT-TT
42	40	MT-TT
43	41	MT-TT
44	42	MT-TT
45	43	MT-TT
46	44	MT-TT
48	45	MT-TT
49	46	MT-TT
50	47	MT-TT
51	48	MT-TT
52	49	MT-TT
53	50	MT-TT
56	51	MT-TT
57	52	MT-TT
58	53	MT-TT
61	54	MT-TT
62	55	MT-TT
63	56	MT-TT
64	57	MT-TT
65	58	MT-TT
66	59	MT-TT
67	60	MT-TT
68	61	MT-TT
69	62	MT-TT
70	63	MT-TT
71	64	MT-TT
72	65	MT-TT
73	66	MT-TT
74	67	MT-TT
75	68	MT-TT
76	69	MT-TT
1	1	MT-TV
2	2	MT-TV
3	3	MT-TV
4	4	MT-TV
5	5	MT-TV
6	6	MT-TV
7	7	MT-TV
8	8	MT-TV
9	9	MT-TV
10	10	MT-TV
11	11	MT-TV
12	12	MT-TV
13	13	MT-TV
14	14	MT-TV
15	15	MT-TV
16	16	MT-TV
18	17	MT-TV
19	18	MT-TV
21	19	MT-TV
22	20	MT-TV
23	21	MT-TV
24	22	MT-TV
25	23	MT-TV
26	24	MT-TV
27	25	MT-TV
28	26	MT-TV
29	27	MT-TV
30	28	MT-TV
31	29	MT-TV
32	30	MT-TV
33	31	MT-TV
34	32	MT-TV
35	33	MT-TV
36	34	MT-TV
37	35	MT-TV
38	36	MT-TV
39	37	MT-TV
40	38	MT-TV
41	39	MT-TV
42	40	MT-TV
43	41	MT-TV
44	42	MT-TV
45	43	MT-TV
46	44	MT-TV
48	45	MT-TV
49	46	MT-TV
50	47	MT-TV
51	48	MT-TV
52	49	MT-TV
53	50	MT-TV
54	51	MT-TV
55	52	MT-TV
56	53	MT-TV
57	54	MT-TV
58	55	MT-TV
59	56	MT-TV
61	57	MT-TV
62	58	MT-TV
63	59	MT-TV
64	60	MT-TV
65	61	MT-TV
66	62	MT-TV
67	63	MT-TV
68	64	MT-TV
69	65	MT-TV
70	66	MT-TV
71	67	MT-TV
72	68	MT-TV
73	69	MT-TV
74	70	MT-TV
75	71	MT-TV
76	72	MT-TV
1	1	MT-TW
2	2	MT-TW
3	3	MT-TW
4	4	MT-TW
5	5	MT-TW
6	6	MT-TW
7	7	MT-TW
8	8	MT-TW
9	9	MT-TW
10	10	MT-TW
11	11	MT-TW
12	12	MT-TW
13	13	MT-TW
14	14	MT-TW
15	15	MT-TW
16	16	MT-TW
17	17	MT-TW
18	18	MT-TW
19	19	MT-TW
21	20	MT-TW
22	21	MT-TW
23	22	MT-TW
24	23	MT-TW
25	24	MT-TW
26	25	MT-TW
27	26	MT-TW
28	27	MT-TW
29	28	MT-TW
30	29	MT-TW
31	30	MT-TW
32	31	MT-TW
33	32	MT-TW
34	33	MT-TW
35	34	MT-TW
36	35	MT-TW
37	36	MT-TW
38	37	MT-TW
39	38	MT-TW
40	39	MT-TW
41	40	MT-TW
42	41	MT-TW
43	42	MT-TW
44	43	MT-TW
45	44	MT-TW
46	45	MT-TW
48	46	MT-TW
49	47	MT-TW
50	48	MT-TW
51	49	MT-TW
52	50	MT-TW
54	51	MT-TW
55	52	MT-TW
56	53	MT-TW
57	54	MT-TW
58	55	MT-TW
59	56	MT-TW
62	57	MT-TW
63	58	MT-TW
64	59	MT-TW
65	60	MT-TW
66	61	MT-TW
67	62	MT-TW
68	63	MT-TW
69	64	MT-TW
70	65	MT-TW
71	66	MT-TW
72	67	MT-TW
73	68	MT-TW
74	69	MT-TW
75	70	MT-TW
76	71	MT-TW
1	1	MT-TY
2	2	MT-TY
3	3	MT-TY
4	4	MT-TY
5	5	MT-TY
6	6	MT-TY
7	7	MT-TY
8	8	MT-TY
9	9	MT-TY
10	10	MT-TY
11	11	MT-TY
12	12	MT-TY
13	13	MT-TY
14	14	MT-TY
15	15	MT-TY
16	16	MT-TY
21	17	MT-TY
22	18	MT-TY
23	19	MT-TY
24	20	MT-TY
25	21	MT-TY
26	22	MT-TY
27	23	MT-TY
28	24	MT-TY
29	25	MT-TY
30	26	MT-TY
31	27	MT-TY
32	28	MT-TY
33	29	MT-TY
34	30	MT-TY
35	31	MT-TY
36	32	MT-TY
37	33	MT-TY
38	34	MT-TY
39	35	MT-TY
40	36	MT-TY
41	37	MT-TY
42	38	MT-TY
43	39	MT-TY
44	40	MT-TY
45	41	MT-TY
46	42	MT-TY
48	43	MT-TY
49	44	MT-TY
50	45	MT-TY
51	46	MT-TY
52	47	MT-TY
53	48	MT-TY
55	49	MT-TY
56	50	MT-TY
57	51	MT-TY
58	52	MT-TY
59	53	MT-TY
61	54	MT-TY
62	55	MT-TY
63	56	MT-TY
64	57	MT-TY
65	58	MT-TY
66	59	MT-TY
67	60	MT-TY
68	61	MT-TY
69	62	MT-TY
70	63	MT-TY
71	64	MT-TY
72	65	MT-TY
73	66	MT-TY
74	67	MT-TY
75	68	MT-TY
76	69	MT-TY
