trna	pos	mod
tRNA-Ala-AGC-1-1	58	I
tRNA-Ala-AGC-1-1	61	m1I
tRNA-Ala-AGC-1-1	62	Y
tRNA-Ala-AGC-1-1	73	m5C
tRNA-Ala-AGC-1-1	79	Y
tRNA-Ala-CGC-1-1	60	Y
tRNA-Ala-CGC-1-1	71	m5C
tRNA-Ala-CGC-1-1	77	Y
tRNA-Ala-TGC-1-1	56	ncm5U
tRNA-Ala-TGC-1-1	60	Y
tRNA-Ala-TGC-1-1	71	m5C
tRNA-Ala-TGC-1-1	77	Y
tRNA-Arg-ACG-1-1	51	Y
tRNA-Arg-ACG-1-1	57	I
tRNA-Arg-ACG-1-1	72	m5C
tRNA-Arg-ACG-1-1	78	Y
tRNA-Arg-ACG-1-1	81	m1A
tRNA-Arg-CCG-1-1	70	m5C
tRNA-Arg-CCG-1-1	76	Y
tRNA-Arg-CCT-1-1	77	Y
tRNA-Arg-TCG-1-1	78	Y
tRNA-Arg-TCT-1-1	50	Y
tRNA-Arg-TCT-1-1	57	mcm5U
tRNA-Arg-TCT-1-1	62	Y
tRNA-Arg-TCT-1-1	78	Y
tRNA-Arg-TCT-1-1	81	m1A
tRNA-Arg-TCT-2-1	36	Y
tRNA-Arg-TCT-2-1	50	Y
tRNA-Arg-TCT-2-1	57	mcm5U
tRNA-Arg-TCT-2-1	62	Y
tRNA-Arg-TCT-2-1	78	Y
tRNA-Arg-TCT-2-1	81	m1A
tRNA-Asn-GTT-1-1	58	Q
tRNA-Asn-GTT-1-1	63	Y
tRNA-Asn-GTT-1-1	72	m5C
tRNA-Asn-GTT-1-1	79	Y
tRNA-Asn-GTT-1-1	82	m1A
tRNA-Asn-GTT-2-1	58	Q
tRNA-Asn-GTT-2-1	63	Y
tRNA-Asn-GTT-2-1	72	m5C
tRNA-Asn-GTT-2-1	79	Y
tRNA-Asn-GTT-2-1	82	m1A
tRNA-Asp-GTC-1-1	36	Y
tRNA-Asp-GTC-1-1	55	Y
tRNA-Asp-GTC-1-1	56	Q
tRNA-Asp-GTC-1-1	60	m5C
tRNA-Asp-GTC-1-1	70	m5C
tRNA-Asp-GTC-1-1	71	m5C
tRNA-Asp-GTC-1-1	76	Y
tRNA-Asp-GTC-1-1	82	m5C
tRNA-Asp-GTC-1-1	83	m5C
tRNA-Asp-GTC-1-1	84	m5C
tRNA-Cys-GCA-1-1	55	Y
tRNA-Cys-GCA-1-1	62	Y
tRNA-Cys-GCA-1-1	69	m7G
tRNA-Cys-GCA-1-1	71	m5C
tRNA-Cys-GCA-1-1	78	Y
tRNA-Cys-GCA-1-1	81	m1A
tRNA-Cys-GCA-2-1	55	Y
tRNA-Cys-GCA-2-1	62	Y
tRNA-Cys-GCA-2-1	69	m7G
tRNA-Cys-GCA-2-1	71	m5C
tRNA-Cys-GCA-2-1	78	Y
tRNA-Cys-GCA-2-1	81	m1A
tRNA-Gln-CTG-1-1	71	m5C
tRNA-Gln-CTG-1-1	77	Y
tRNA-Gln-TTG-1-1	57	mcm5s2U
tRNA-Gln-TTG-1-1	71	m5C
tRNA-Gln-TTG-1-1	77	Y
tRNA-Gln-TTG-2-1	57	mcm5s2U
tRNA-Gln-TTG-2-1	71	m5C
tRNA-Gln-TTG-2-1	77	Y
tRNA-Glu-CTC-1-1	49	Y
tRNA-Glu-CTC-1-1	77	Y
tRNA-Glu-TTC-1-1	49	Y
tRNA-Glu-TTC-1-1	57	mcm5s2U
tRNA-Glu-TTC-1-1	71	m5C
tRNA-Glu-TTC-1-1	77	Y
tRNA-Gly-CCC-1-1	36	Y
tRNA-Gly-CCC-1-1	54	Y
tRNA-Gly-CCC-1-1	60	Y
tRNA-Gly-CCC-1-1	70	m5C
tRNA-Gly-CCC-1-1	76	Y
tRNA-Gly-GCC-1-1	36	Y
tRNA-Gly-GCC-1-1	54	Y
tRNA-Gly-GCC-1-1	60	Y
tRNA-Gly-GCC-1-1	70	m5C
tRNA-Gly-GCC-1-1	71	m5C
tRNA-Gly-GCC-1-1	76	Y
tRNA-Gly-GCC-1-1	83	m5C
tRNA-Gly-GCC-1-1	84	m5C
tRNA-Gly-TCC-1-1	36	Y
tRNA-Gly-TCC-1-1	56	mcm5U
tRNA-Gly-TCC-1-1	70	m5C
tRNA-Gly-TCC-1-1	76	Y
tRNA-Gly-TCC-2-1	56	mcm5U
tRNA-Gly-TCC-2-1	70	m5C
tRNA-Gly-TCC-2-1	76	Y
tRNA-Gly-TCC-3-1	36	Y
tRNA-Gly-TCC-3-1	56	mcm5U
tRNA-Gly-TCC-3-1	70	m5C
tRNA-Gly-TCC-3-1	76	Y
tRNA-His-GTG-1-1	41	Gm
tRNA-His-GTG-1-1	55	Y
tRNA-His-GTG-1-1	57	Q
tRNA-His-GTG-1-1	71	m5C
tRNA-His-GTG-1-1	77	Y
tRNA-Ile-AAT-1-1	58	I
tRNA-Ile-AAT-1-1	72	m5C
tRNA-Ile-AAT-1-1	79	Y
tRNA-Ile-AAT-1-1	82	m1A
tRNA-Ile-AAT-2-1	58	I
tRNA-Ile-AAT-2-1	72	m5C
tRNA-Ile-AAT-2-1	79	Y
tRNA-Ile-AAT-2-1	82	m1A
tRNA-Ile-TAT-1-1	51	Y
tRNA-Ile-TAT-1-1	58	Y
tRNA-Ile-TAT-1-1	60	Y
tRNA-Ile-TAT-1-1	72	m5C
tRNA-Ile-TAT-1-1	79	Y
tRNA-Ile-TAT-1-1	82	m1A
tRNA-Leu-AAG-1-1	77	m5C
tRNA-Leu-AAG-1-1	84	Y
tRNA-Leu-AAG-2-1	77	m5C
tRNA-Leu-AAG-2-1	84	Y
tRNA-Leu-CAA-1-1	40	Gm
tRNA-Leu-CAA-1-1	58	m5C
tRNA-Leu-CAA-1-1	63	Y
tRNA-Leu-CAA-1-1	87	Y
tRNA-Leu-CAA-1-1	99	m5C
tRNA-Leu-CAG-1-1	56	Y
tRNA-Leu-CAG-1-1	62	Y
tRNA-Leu-CAG-1-1	82	m5C
tRNA-Leu-CAG-1-1	89	Y
tRNA-Leu-TAA-1-1	40	Gm
tRNA-Leu-TAA-1-1	58	ncm5U
tRNA-Leu-TAA-1-1	80	m5C
tRNA-Leu-TAA-1-1	87	Y
tRNA-Leu-TAG-1-1	40	Gm
tRNA-Leu-TAG-1-1	51	Y
tRNA-Leu-TAG-1-1	55	Y
tRNA-Leu-TAG-1-1	77	m5C
tRNA-Leu-TAG-1-1	84	Y
tRNA-Leu-TAG-1-1	87	m1A
tRNA-Lys-CTT-1-1	52	Y
tRNA-Lys-CTT-1-1	64	Y
tRNA-Lys-CTT-1-1	71	m7G
tRNA-Lys-CTT-1-1	80	Y
tRNA-Lys-CTT-1-1	83	m1A
tRNA-Lys-TTT-1-1	59	mcm5s2U
tRNA-Lys-TTT-1-1	80	Y
tRNA-Lys-TTT-1-1	83	m1A
tRNA-Lys-TTT-2-1	24	Y
tRNA-Lys-TTT-2-1	52	Y
tRNA-Lys-TTT-2-1	59	mcm5s2U
tRNA-Lys-TTT-2-1	71	m7G
tRNA-Lys-TTT-2-1	80	Y
tRNA-Lys-TTT-2-1	83	m1A
tRNA-Met-CAT-1-1	51	Y
tRNA-Met-CAT-1-1	55	Y
tRNA-Met-CAT-1-1	70	m7G
tRNA-Met-CAT-1-1	79	Y
tRNA-Met-CAT-1-1	82	m1A
tRNA-Phe-GAA-1-1	36	Y
tRNA-Phe-GAA-1-1	48	Y
tRNA-Phe-GAA-1-1	55	Cm
tRNA-Phe-GAA-1-1	57	Gm
tRNA-Phe-GAA-1-1	60	yW
tRNA-Phe-GAA-1-1	62	Y
tRNA-Phe-GAA-1-1	69	m7G
tRNA-Phe-GAA-1-1	78	Y
tRNA-Phe-GAA-2-1	36	Y
tRNA-Phe-GAA-2-1	48	Y
tRNA-Phe-GAA-2-1	55	Cm
tRNA-Phe-GAA-2-1	57	Gm
tRNA-Phe-GAA-2-1	60	yW
tRNA-Phe-GAA-2-1	62	Y
tRNA-Phe-GAA-2-1	69	m7G
tRNA-Phe-GAA-2-1	78	Y
tRNA-Pro-AGG-1-1	36	Y
tRNA-Pro-AGG-1-1	54	Y
tRNA-Pro-AGG-1-1	60	Y
tRNA-Pro-AGG-1-1	77	Y
tRNA-Pro-CGG-1-1	36	Y
tRNA-Pro-CGG-1-1	55	Y
tRNA-Pro-CGG-1-1	57	m5C
tRNA-Pro-CGG-1-1	61	Y
tRNA-Pro-CGG-1-1	72	m5C
tRNA-Pro-CGG-1-1	78	Y
tRNA-Pro-TGG-1-1	36	Y
tRNA-Pro-TGG-1-1	54	Y
tRNA-Pro-TGG-1-1	56	ncm5U
tRNA-Pro-TGG-1-1	60	Y
tRNA-Pro-TGG-1-1	77	Y
tRNA-Pro-TGG-1-1	80	m1A
tRNA-Pro-TGG-2-1	36	Y
tRNA-Pro-TGG-2-1	54	Y
tRNA-Pro-TGG-2-1	56	ncm5U
tRNA-Pro-TGG-2-1	60	Y
tRNA-Pro-TGG-2-1	77	Y
tRNA-Pro-TGG-2-1	80	m1A
tRNA-Ser-AGA-1-1	40	Gm
tRNA-Ser-AGA-1-1	57	I
tRNA-Ser-AGA-1-1	62	Y
tRNA-Ser-AGA-1-1	80	m5C
tRNA-Ser-AGA-1-1	87	Y
tRNA-Ser-CGA-1-1	62	Y
tRNA-Ser-CGA-1-1	80	m5C
tRNA-Ser-CGA-1-1	87	Y
tRNA-Ser-GCT-1-1	34	m5C
tRNA-Ser-GCT-1-1	82	m5C
tRNA-Ser-GCT-1-1	89	Y
tRNA-Ser-GCT-1-1	92	m1A
tRNA-Ser-TGA-1-1	40	Gm
tRNA-Ser-TGA-1-1	57	ncm5U
tRNA-Ser-TGA-1-1	62	Y
tRNA-Ser-TGA-1-1	80	m5C
tRNA-Ser-TGA-1-1	87	Y
tRNA-Ser-TGA-2-1	40	Gm
tRNA-Ser-TGA-2-1	57	ncm5U
tRNA-Ser-TGA-2-1	62	Y
tRNA-Ser-TGA-2-1	80	m5C
tRNA-Ser-TGA-2-1	87	Y
tRNA-Thr-AGT-1-1	56	I
tRNA-Thr-AGT-1-1	71	m5C
tRNA-Thr-AGT-1-1	77	Y
tRNA-Thr-AGT-1-1	80	m1A
tRNA-Thr-AGT-2-1	56	I
tRNA-Thr-AGT-2-1	71	m5C
tRNA-Thr-AGT-2-1	77	Y
tRNA-Thr-AGT-2-1	80	m1A
tRNA-Thr-CGT-1-1	71	m5C
tRNA-Thr-CGT-1-1	77	Y
tRNA-Thr-TGT-1-1	56	ncm5U
tRNA-Thr-TGT-1-1	71	m5C
tRNA-Thr-TGT-1-1	77	Y
tRNA-Thr-TGT-2-1	56	ncm5U
tRNA-Thr-TGT-2-1	71	m5C
tRNA-Thr-TGT-2-1	77	Y
tRNA-Trp-CCA-1-1	57	Cm
tRNA-Trp-CCA-1-1	62	Y
tRNA-Trp-CCA-1-1	69	m7G
tRNA-Trp-CCA-1-1	71	m5C
tRNA-Trp-CCA-1-1	78	Y
tRNA-Trp-CCA-1-1	81	m1A
tRNA-Trp-CCA-1-1	88	Y
tRNA-Tyr-GTA-1-1	36	Y
tRNA-Tyr-GTA-1-1	41	Gm
tRNA-Tyr-GTA-1-1	58	Q
tRNA-Tyr-GTA-1-1	59	Y
tRNA-Tyr-GTA-1-1	70	m7G
tRNA-Tyr-GTA-1-1	72	m5C
tRNA-Tyr-GTA-1-1	79	Y
tRNA-Tyr-GTA-1-1	82	m1A
tRNA-Tyr-GTA-2-1	36	Y
tRNA-Tyr-GTA-2-1	41	Gm
tRNA-Tyr-GTA-2-1	58	Q
tRNA-Tyr-GTA-2-1	59	Y
tRNA-Tyr-GTA-2-1	70	m7G
tRNA-Tyr-GTA-2-1	72	m5C
tRNA-Tyr-GTA-2-1	79	Y
tRNA-Tyr-GTA-2-1	82	m1A
tRNA-Val-AAC-1-1	56	Y
tRNA-Val-AAC-1-1	58	I
tRNA-Val-AAC-1-1	70	m7G
tRNA-Val-AAC-1-1	73	m5C
tRNA-Val-AAC-1-1	74	m5C
tRNA-Val-AAC-1-1	79	Y
tRNA-Val-CAC-1-1	54	Y
tRNA-Val-CAC-1-1	68	m7G
tRNA-Val-CAC-1-1	71	m5C
tRNA-Val-CAC-1-1	77	Y
tRNA-Val-TAC-1-1	50	Y
tRNA-Val-TAC-1-1	55	Y
tRNA-Val-TAC-1-1	57	ncm5U
tRNA-Val-TAC-1-1	72	m5C
tRNA-Val-TAC-1-1	78	Y
tRNA-Val-TAC-1-1	81	m1A
tRNA-iMet-CAT-1-1	77	Y
